<?xml version="1.0" encoding="utf-8" ?>
<application xmlns="http://ns.adobe.com/air/application/51.0">

<!-- Adobe AIR Application Descriptor File Template.

    Specifies parameters for identifying, installing, and launching AIR applications.

    xmlns - The Adobe AIR namespace: http://ns.adobe.com/air/application/3.5
            The last segment of the namespace specifies the version 
            of the AIR runtime required for this application to run.
            
    minimumPatchLevel - The minimum patch level of the AIR runtime required to run 
            the application. Optional.
-->

    <!-- A universally unique application identifier. Must be unique across all AIR applications.
    Using a reverse DNS-style name as the id is recommended. (Eg. com.example.ExampleApplication.) Required. -->
    <id>AlternativaEditor</id>

    <!-- Used as the filename for the application. Required. -->
    <filename>AlternativaEditor</filename>

    <!-- Determines the architecture of the Windows captive app (non-Flash Builder workflows only)-->
    <!-- <architecture></architecture> -->

    <!-- The name that is displayed in the AIR application installer. 
    May have multiple values for each language. See samples or xsd schema file. Optional. -->
    <!-- <name></name> -->
    
    <!-- A string value of the format <0-999>.<0-999>.<0-999> that represents application version which can be used to check for application upgrade. 
    Values can also be 1-part or 2-part. It is not necessary to have a 3-part value.
    An updated version of application must have a versionNumber value higher than the previous version. Required for namespace >= 2.5 .
    For iOS Apps, this represents build number. -->
    <versionNumber>1.0.1</versionNumber>
                 
    <!-- A string value (such as "v1", "2.5", or "Alpha 1") that represents the version of the application, as it should be shown to users. 
     For iOS Apps, this represents application version number and format should be (<0-999>.<0-999>.<0-999>).
     If this tag is not specified or the value is not according to the format, then this tag will be ignored 
     and <versionNumber> will be used for application version number. Optional. -->
    <!-- <versionLabel></versionLabel> -->

    <!-- Description, displayed in the AIR application installer.
    May have multiple values for each language. See samples or xsd schema file. Optional. -->
    <!-- <description></description> -->

    <!-- Copyright information. Optional -->
    <!-- <copyright></copyright> -->

    <!-- Publisher ID. Used if you're updating an application created prior to 1.5.3 -->
    <!-- <publisherID></publisherID> -->

    <!-- Opt-in to allow multiple instances of an AIR app to run concurrently on desktop platforms. Default false. -->
    <!-- <allowMultipleInstances></allowMultipleInstances> -->

    <!-- Setting for whether to generate stack traces in release builds and whether to show file names and line numbers if these
         are available (for example in a debug SWF or one using the Flex -verbose-stacktraces option). 'none' means that no tracking
         of the stack will occur and no stack traces will be made available. 'standard' behaviour is to generate stack traces but
         not to include file/line numbers. 'verbose' will generate stack traces including file/line information if available.
         Omitting the option gives the previous behaviour which depends on the SWF version: versions 18 and above will include
         basic stack traces, versions 17 and below will not show stack traces. -->
    <!-- <stacktraces></stacktraces> -->

    <!-- Settings for the application's initial window. Required. -->
    <initialWindow>
        <!-- The main SWF or HTML file of the application. Required. -->
        <!-- Note: In Flash Builder, the SWF reference is set automatically. -->
        <content>AlternativaEditor.swf</content>
        
        <!-- The title of the main window. Optional. -->
        <!-- <title></title> -->

        <!-- The type of system chrome to use (either "standard" or "none"). Optional. Default standard. -->
        <!-- <systemChrome></systemChrome> -->

        <!-- Whether the window is transparent. Only applicable when systemChrome is none. Optional. Default false. -->
        <!-- <transparent></transparent> -->

        <!-- Whether the window is initially visible. Optional. Default false. -->
        <visible>true</visible>

        <!-- Whether the user can minimize the window. Optional. Default true. -->
        <!-- <minimizable></minimizable> -->

        <!-- Whether the user can maximize the window. Optional. Default true. -->
        <!-- <maximizable></maximizable> -->

        <!-- Whether the user can resize the window. Optional. Default true. -->
        <!-- <resizable></resizable> -->

        <!-- Whether the application can set the stage quality to low/medium on desktops. Optional. Default false. -->
        <!-- <allowLowQuality></allowLowQuality> -->

        <!-- The window's initial width in pixels. Optional. -->
        <width>1280</width>

        <!-- The window's initial height in pixels. Optional. -->
        <height>720</height>

        <!-- The window's initial x position. Optional. -->
        <!-- <x></x> -->

        <!-- The window's initial y position. Optional. -->
        <!-- <y></y> -->

        <!-- The window's minimum size, specified as a width/height pair in pixels, such as "400 200". Optional. -->
        <minSize>800 600</minSize>

        <!-- The window's initial maximum size, specified as a width/height pair in pixels, such as "1600 1200". Optional. -->
        <!-- <maxSize></maxSize> -->

        <!-- The aspect ratio of the app ("portrait" or "landscape" or "any"). Optional. Mobile only. Default is the natural orientation of the device -->
        <!-- <aspectRatio></aspectRatio> -->

        <!-- Whether the app will begin auto-orienting on launch. Optional. Mobile only. Default false -->
        <!-- <autoOrients></autoOrients> -->

        <!-- Whether the app will rotate with OS animation effects during auto-orient ("standard" or "none"). Optional. Mobile only. Default standard -->
        <!-- <orientationAnimation></orientationAnimation> -->

        <!-- Whether the app launches in full screen. Optional. Mobile only. Default false -->
        <!-- <fullScreen></fullScreen> -->

        <!-- The render mode for the app (either auto, cpu, gpu, or direct). Optional. Default auto -->
        <renderMode>direct</renderMode>

        <!-- Whether the default direct mode rendering context allocates storage for depth and stencil buffers.  Optional.  Default false. -->
        <depthAndStencil>true</depthAndStencil>

        <!-- Whether or not to pan when a soft keyboard is raised or lowered (either "pan" or "none").  Optional.  Defaults "pan." -->
        <!-- <softKeyboardBehavior></softKeyboardBehavior> -->

        <!-- Display Resolution for the app (either "standard" or "high"). Optional. Default "standard" -->
        <!-- <requestedDisplayResolution></requestedDisplayResolution> -->
    </initialWindow>

    <!-- We recommend omitting the supportedProfiles element, -->
    <!-- which in turn permits your application to be deployed to all -->
    <!-- devices supported by AIR. If you wish to restrict deployment -->
    <!-- (i.e., to only mobile devices) then add this element and list -->
    <!-- only the profiles which your application does support. -->
    <!-- <supportedProfiles>desktop extendedDesktop mobileDevice extendedMobileDevice</supportedProfiles> -->

    <!-- Languages supported by application -->
    <!-- Only these languages can be specified -->
    <!-- Android Native uses "in" code for indonesean language, wherein native iOS uses "id" as its language code. -->
    <!-- We have added support of "id" in "in" code to support iOS with the same tag.-->
    <!-- <supportedLanguages>cs da de el en es fi fr in it iw ja ko ms nb nl pl pt ru sv th tr vi zh</supportedLanguages> -->

    <!-- The subpath of the standard default installation location to use. Optional. -->
    <!-- <installFolder></installFolder> -->

    <!-- The subpath of the Programs menu to use. (Ignored on operating systems without a Programs menu.) Optional. -->
    <!-- <programMenuFolder></programMenuFolder> -->

    <!-- The icon the system uses for the application. For at least one resolution,
    specify the path to a PNG file included in the AIR package. Optional. -->
    <!-- <icon>
        <image16x16></image16x16>
        <image29x29></image29x29>
        <image32x32></image32x32>
        <image36x36></image36x36>
        <image40x40></image40x40>
        <image44x44></image44x44>
        <image48x48></image48x48>
        <image50x50></image50x50>
        <image57x57></image57x57>
        <image58x58></image58x58>
        <image60x60></image60x60>
        <image66x66></image66x66>
        <image72x72></image72x72>
        <image75x75></image75x75>
        <image76x76></image76x76>
        <image80x80></image80x80>
        <image87x87></image87x87>
        <image96x96></image96x96>
        <image100x100></image100x100>
        <image114x114></image114x114>
        <image120x120></image120x120>
        <image128x128></image128x128>
        <image144x144></image144x144>
        <image152x152></image152x152>
        <image160x160></image160x160>
        <image167x167></image167x167>
        <image180x180></image180x180>
        <image192x192></image192x192>
        <image240x240></image240x240>
        <image256x256></image256x256>
        <image320x320></image320x320>
        <image512x512></image512x512>
        <image732x412></image732x412>
        <image1024x1024></image1024x1024>
    </icon> -->

    <!-- Whether the application handles the update when a user double-clicks an update version
    of the AIR file (true), or the default AIR application installer handles the update (false).
    Optional. Default false. -->
    <!-- <customUpdateUI></customUpdateUI> -->
    
    <!-- Whether the application can be launched when the user clicks a link in a web browser.
    Optional. Default false. -->
    <!-- <allowBrowserInvocation></allowBrowserInvocation> -->

    <!-- Listing of file types for which the application can register. Optional. -->
    <!-- <fileTypes> -->

        <!-- Defines one file type. Optional. -->
        <!-- <fileType> -->

            <!-- The name that the system displays for the registered file type. Required. -->
            <!-- <name></name> -->

            <!-- The extension to register. Required. -->
            <!-- <extension></extension> -->
            
            <!-- The description of the file type. Optional. -->
            <!-- <description></description> -->
            
            <!-- The MIME content type. -->
            <!-- <contentType></contentType> -->
            
            <!-- The icon to display for the file type. Optional. -->
            <!-- <icon>
                <image16x16></image16x16>
                <image32x32></image32x32>
                <image48x48></image48x48>
                <image128x128></image128x128>
            </icon> -->
            
        <!-- </fileType> -->
    <!-- </fileTypes> -->
    
    <!-- A preferred GPU type (either "discrete" or "integrated") in case the app utilizes GPU. Desktop only. Optional -->
    <!-- <gpuPreference></gpuPreference> -->

    <!-- Options for configuring the Encrypted Local Storage behaviour (on all platforms). Optional. -->
    <!-- <encryptedLocalStorage> -->
      <!-- Whether to use any fallback to the earlier ELS key/data storage mechanisms. "never", "always" or "once".
           Optional. Default "always". If set to "once", this would enable data migration as long as all of this is
           performed within one launch of the application, as once a new ELS data store is present, the previous ones.
           would no longer be accessible. -->
      <!-- <fallbackMode></fallbackMode> -->
      <!-- Whether to use OS-specific/protected storage for the user's ELS key, or to use (obfuscated) file storage within
           a user's private filesystem area to store this. "os_store" or "file". Optional. Default "os_store". -->
      <!-- <storageMode></storageMode> -->
    <!-- </encryptedLocalStorage> -->

    <!-- iOS specific capabilities -->
    <!-- <iPhone> -->
        <!-- A list of plist key/value pairs to be added to the application Info.plist -->
        <!-- <InfoAdditions>
            <![CDATA[
                <key>UIDeviceFamily</key>
                <array>
                    <string>1</string>
                    <string>2</string>
                </array>
                <key>UIStatusBarStyle</key>
                <string>UIStatusBarStyleBlackOpaque</string>
                <key>UIRequiresPersistentWiFi</key>
                <string>YES</string>
            ]]>
        </InfoAdditions> -->
        <!-- A list of plist key/value pairs to be added to the application Entitlements.plist -->
        <!-- <Entitlements>
            <![CDATA[
                <key>keychain-access-groups</key>
                <array>
                    <string></string>
                    <string></string>
                </array>
            ]]>
        </Entitlements> -->
        <!-- Display Resolution for the app (either "standard" or "high"). Optional. Default "standard" -->
        <!-- <requestedDisplayResolution></requestedDisplayResolution> -->
        <!-- Forcing Render Mode CPU for the devices mentioned. Optional  -->
        <!-- <forceCPURenderModeForDevices></forceCPURenderModeForDevices> -->
        <!-- File containing line separated list of external swf paths. These swfs won't be 
        packaged inside the application and corresponding stripped swfs will be output in 
        externalStrippedSwfs folder. -->
        <!-- <externalSwfs></externalSwfs> -->
        <!-- Disable the ability of the application to display a custom keyboard (in case it contains keyloggers) -->
        <!-- <disableCustomKeyboard></disableCustomKeyboard> -->
        <!-- Disable the injection of the standard usage requests into the Info.plist file.
             Any necessary capabilities/descriptions should be added via InfoAdditions. -->
        <!-- <excludeDefaultUsageDescriptions></excludeDefaultUsageDescriptions> -->
    <!-- </iPhone> -->

    <!--<android> -->
    <!-- Specify Android specific tags that get passed to AndroidManifest.xml file. -->
    <!--    <manifestAdditions>
        <![CDATA[
            <manifest android:installLocation="auto">
                <uses-permission android:name="android.permission.INTERNET"/>
                <uses-permission android:name="android.permission.WRITE_EXTERNAL_STORAGE"/>
                <uses-permission android:name="android.permission.ACCESS_FINE_LOCATION"/>
                <uses-feature android:required="true" android:name="android.hardware.touchscreen.multitouch"/>
                <application android:enabled="true">
                    <activity android:excludeFromRecents="false">
                        <intent-filter>
                            <action android:name="android.intent.action.MAIN"/>
                            <category android:name="android.intent.category.LAUNCHER"/>
                        </intent-filter>
                    </activity>
                </application>
            </manifest>
        ]]>
        </manifestAdditions> -->
        <!-- End of the schema for adding the android specific tags in AndroidManifest.xml file -->
        <!-- Color depth for the app (either "32bit" or "16bit"). Optional. Default 16bit before namespace 3.0, 32bit after -->
        <!-- <colorDepth></colorDepth> -->
        <!-- Indicates if the app contains video or not. Necessary for ordering of video planes with graphics plane, especially in Jellybean - if you app does video this must be set to true - valid values are true or false -->
        <!-- <containsVideo></containsVideo> -->
        <!-- This app is also for Android TV (either "true" or "false"). Optional. Default is 'false' -->
        <!-- <supportsAndroidTV></supportsAndroidTV> -->
        <!-- Path to the image used for banner when the app is shown on TV. The banner should be a .png image of size 320*180.-->
        <!-- <banner></banner> -->
        <!-- Paths to alternative banner images when the app is shown on TV. Optional.-->
        <!-- <banner160x90></banner160x90> -->
        <!-- <banner240x135></banner240x135> -->
        <!-- <banner320x180></banner320x180> -->
        <!-- <banner480x270></banner480x270> -->
        <!-- <banner640x360></banner640x360> -->
        <!-- Indicates if webContents (HTML/CSS/JavaScript) can be inspected in browser. Optional . Default value is 'false' -->
        <!-- <webContentsDebuggingEnabled></webContentsDebuggingEnabled> -->

        <!-- Indicates if disableMediaCodec is enabled or not. Optional . Default value is 'false' -->
        <!-- <disableMediaCodec></disableMediaCodec> -->
        <!-- Build using the legacy mechanism for APK files (default is false) -->
        <!-- <buildLegacyAPK></buildLegacyAPK> -->
        <!-- Add the "air." tag at the start of an Android application ID (default is true) -->
        <!-- <addAirToAppID>true</addAirToAppID> -->
        <!-- List of build architectures. This can be used to override an IDE by only including a single
             value e.g. <buildArchitectures>armv8</buildArchitectures> will results in an APK/bundle file
             that only contains armv8 binaries rather than the default (armv7) or whatever was requested on
             the command line. -->
        <!-- <buildArchitectures>armv7,armv8,x86,x64</buildArchitectures> -->
        <!-- This flag can be used to override the creation of an APK file requested by an IDE, forcing
             ADT to instead create an Android App Bundle. (Note the output file may still have the 'apk' extension) -->
        <!-- <createAppBundle>false</createAppBundle> -->
        <!-- A list of file extensions that should not be compressed when added into the APK/bundle file -->
        <!-- <uncompressedExtensions></uncompressedExtensions> -->
        <!-- Switch to the new font rendering mechanism (using JNI/Java) at a specified Android API level.
             Default is to change at API 31 (Android S) rather than use the old (native skia) mechanism -->
        <!-- <newFontRenderingFromAPI></newFontRenderingFromAPI> -->
        <!-- Prevent the runtime from accessing the device model (android.os.Build.MODEL). Default false. -->
        <!-- <preventDeviceModelAccess></preventDeviceModelAccess> -->
        <!-- Allow a webview to access local files via WebSettings.setAllowFileAccess(true). Default false. -->
        <!-- <webViewAllowFileAccess></webViewAllowFileAccess> -->
        <!-- Version options for specifying the version of multidex, gradle and gradle plug-in to use -->
        <!-- <multidexVersion></multidexVersion> -->
        <!-- <androidGradlePluginVersion></androidGradlePluginVersion> -->
        <!-- <gradleVersion></gradleVersion> -->
        <!-- Additional version options for specifying the Android build tools and compile SDK API versions to use -->
        <!-- <androidBuildToolsVersion></androidBuildToolsVersion> -->
        <!-- <androidCompileSdkVersion></androidCompileSdkVersion> -->
        <!-- Disables sensor access to prevent AIR from requesting input, orientation or telephony services unless
             access is later granted by adding an override file into the app storage. Default false. -->
        <!-- <disableSensorAccess></disableSensorAccess> -->
        <!-- Runs the AIR runtime in a separate, background thread rather than in the main Android UI thread.
             This should help prevent ANE issues, but may require some updates in other Android Java code
             (i.e. from AIR Native Extensions that may need some of their code to run on the UI thread).
             Default is false. -->
        <!-- <runtimeInBackgroundThread></runtimeInBackgroundThread> -->
        <!-- Switches File.browseXXX and file-based permissions to use the Storage Access Framework.
             Default value is (Android API level) 30 which equates to Android 11.0 (R) -->
        <!-- <storageAccessFrameworkFromAPI></storageAccessFrameworkFromAPI> -->
        <!-- Alters the style used for handling cut-out areas in different orientations. See Android documentation.
             Optional. Values can be "default", "always", "never" or "shortEdges". Default is "default". -->
        <!-- <displayCutoutMode></displayCutoutMode> -->
        <!-- Specifies a set of name/value properties that will be injected into the manifestPlaceholders section in an
             Android manifest file, so that user/app specific variables can be defined for third party SDKs. Optional. -->
        <!-- <manifestPlaceholders> -->
        <!--    <manifestPlaceholder>baseUrl: "dev.demoserver.com"</manifestPlaceholder> -->
        <!-- </manifestPlaceholders> -->

    <!-- </android> -->
    <!-- A folder to include in the search for Android resources. Optional. -->
    <!-- <resdir></resdir> -->

    <!-- macOS specific capabilities -->
    <!-- <macOS> -->
        <!-- A list of plist key/value pairs to be added to the application Info.plist -->
        <!-- <InfoAdditions>
            <![CDATA[
            ]]>
        </InfoAdditions> -->
        <!-- A list of plist key/value pairs to be added to the application Entitlements.plist -->
        <!-- <Entitlements>
            <![CDATA[
            ]]>
        </Entitlements> -->
    <!-- </macOS> -->

    <!-- Windows specific capabilities -->
    <!-- <windows> -->
        <!-- Option to use the Edge "WebView2" component rather than MSHTML (IE-based). Default false. Values true/false/exclusive -->
        <!-- <UseWebView2></UseWebView2> -->
        <!-- Maximum Direct3D API level to use. Set to '9' to ensure Direct3D 9 is used, or 0 to disable Direct3D. -->
        <!-- <maxD3D></maxD3D> -->
    <!-- </windows> -->

    <!-- List of AIR Native Extensions to be loaded by the application -->
    <!-- Optional attribute 'delayLoad' can be used to delay the loading of the
         extension itself until it's requested via AS3 (ExtensionContext.loadExtension) -->
    <!-- <extensions>
             <extensionID>extension.id.to.load</extensionID>
             <extensionID delayLoad="true">extension.to.load.on.demand</extensionID>
         </extensions> -->

</application>